course_id,textbook_id,chapter_id,number,title,objective,summary
1072719,1906094,8158370,0,Chapter 1: Introduction to React,"**Learning Objective for Chapter 1: Introduction to React**

By the end of this chapter, students will be able to understand the fundamental purpose and benefits of using React as a JavaScript library for building user interfaces. They will gain familiarity with the core concepts of React, including components, JSX (JavaScript XML), and the virtual DOM, as well as the differences between traditional web development and React-based development. Students will also learn how to set up a basic React environment and create their first React application, providing a solid foundation for further exploration into React's features and capabilities.","### Chapter 1 Review Summary: Introduction to React

In this chapter, we explore the foundational elements of React, a powerful JavaScript library designed for building user interfaces efficiently. By the end of the chapter, students will have a comprehensive understanding of React’s fundamental purpose and its advantages in modern web development.

1. **What is React?** - This section provides an introduction to React, explaining its role in creating interactive and dynamic user interfaces.

2. **Benefits of Using React** - Students will learn about the key benefits of React, including improved performance, scalability, and a component-based architecture that simplifies development.

3. **Understanding Components** - The chapter delves into the concept of components, which are the building blocks of React applications. Students will understand how to create, use, and manage components effectively.

4. **Introduction to JSX (JavaScript XML)** - Students will be introduced to JSX, a syntax extension for JavaScript that allows writing HTML-like code within React. This section emphasizes the simplicity and readability that JSX brings to component creation.

5. **The Virtual DOM Explained** - This section explains the virtual DOM concept, highlighting how React efficiently updates and renders components to enhance application performance.

6. **Differences Between Traditional Web Development and React** - Students will compare and contrast traditional web development practices with React-based development, showcasing the advantages React offers in terms of state management and user interaction.

7. **Setting Up a React Development Environment** - This section provides a step-by-step guide to setting up a React development environment, ensuring students have the necessary tools and configurations to start building applications.

8. **Creating Your First React Application** - Students will engage in a hands-on project by creating their first simple React application, solidifying their understanding of the concepts learned.

9. **Overview of React's Features and Capabilities** - The chapter concludes with an overview of more advanced features and capabilities of React, inspiring students to continue exploring the library’s potential.

By following this structured pathway, students will establish a solid foundation in React, preparing them for further study of its features and capabilities in subsequent chapters. This chapter not only equips learners with the basics of React but also ignites their enthusiasm to build innovative web applications."
1072719,1906094,2316687,1,Chapter 2: Setting Up the Development Environment,"**Learning Objective for Chapter 2: Setting Up the Development Environment**

By the end of this chapter, learners will be able to successfully install and configure the necessary tools and software required for React development, including Node.js, npm (Node Package Manager), and a code editor. Participants will also be able to create a new React application using Create React App, understand the folder structure of a React project, and run the application in a local development server, setting the stage for building their first React components.","### Review Summary for Chapter 2: Setting Up the Development Environment

In Chapter 2, learners embark on the essential journey of setting up their development environment for React applications. This chapter begins with an **introduction to React** and the importance of having the right tools to facilitate development. 

Participants will explore **Node.js and npm (Node Package Manager)**, which are crucial for managing JavaScript libraries and packages. The chapter provides step-by-step instructions for **installing Node.js and npm**, ensuring that learners can easily set up these tools on their systems.

Next, the chapter emphasizes the significance of choosing an effective **code editor** for React development. It includes guidance on popular code editors, with a focus on **Visual Studio Code**, detailing the installation process to help learners get started quickly.

Learners are then introduced to **Create React App**, a streamlined tool that simplifies the creation of new React applications. The chapter walks through the process of **creating a new React application** using Create React App, preparing students for hands-on coding experiences.

Understanding the organization of a React project is vital, and this chapter covers the **folder structure** of a new React application, providing insights into the purpose of various directories and files. 

Finally, learners will understand how to **run their React application in a local development server**, allowing them to test and view their code in real-time. The chapter concludes with a summary of key takeaways and **best practices** for setting up the development environment, ensuring that participants are well-equipped to begin building their first React components confidently.

By the end of this chapter, learners will have successfully installed and configured the necessary software and tools for React development, laid a solid foundation for creating their own applications, and gained hands-on experience with the React project setup."
1072719,1906094,6827483,2,Chapter 3: Understanding JSX,"**Learning Objective for Chapter 3: Understanding JSX**

By the end of this chapter, students will be able to articulate the purpose and syntax of JSX, including how it enables the creation of React elements in a declarative manner. Students will also demonstrate their ability to utilize JSX to effectively render dynamic content and integrate JavaScript expressions within their React components, laying the groundwork for building more complex user interfaces.","### Chapter 3 Review Summary: Understanding JSX

In this chapter, we delve into JSX (JavaScript XML), a core aspect of React that allows developers to write HTML-like syntax directly within their JavaScript code. Students will learn the purpose of JSX in React, which facilitates the creation of React elements in a clear and declarative manner. Through comprehensive coverage of JSX syntax basics, learners will become comfortable with its structure and how it integrates with JavaScript.

Key topics include embedding JavaScript expressions within JSX, enabling dynamic content rendering in React components. The chapter discusses how to effectively render JSX elements, leveraging attributes and styling to customize appearances. Students will also explore conditional rendering techniques, equipping them with the ability to display content based on specific conditions effectively.

As they progress, learners will recognize the importance of lists and keys in JSX, ensuring unique identifiers for list items to optimize React's rendering process. The chapter emphasizes best practices for writing clean, maintainable JSX code, along with a section on common errors and debugging strategies, empowering students to troubleshoot issues confidently.

By the end of this chapter, students will have a comprehensive understanding of JSX syntax and functionality, allowing them to effectively harness its power for rendering dynamic content and building more complex user interfaces in React."
1072719,1906094,1587743,3,Chapter 4: Components and Props,"**Learning Objective for Chapter 4: Components and Props**

By the end of this chapter, learners will be able to understand and explain the concept of components in React, differentiate between functional and class components, and utilize props to pass data between components. Students will gain the skills to effectively create reusable components and leverage props to enhance their applications, thereby enabling them to develop more modular and maintainable code. Additionally, learners will practice building simple components and managing data flow through props, solidifying their understanding of how components interact within a React application.","### Review Summary for Chapter 4: Components and Props

In Chapter 4, learners are introduced to the foundational concept of components in React, an essential building block for creating dynamic user interfaces. The chapter begins with an overview of what components are and their critical role in organizing and structuring applications.

**Understanding Functional and Class Components**  
Students explore the differences between functional components and class components, including their respective syntax, use cases, and lifecycle methods. The chapter emphasizes the growing preference for functional components due to their simplicity and the introduction of React hooks for state management.

**Lifecycle of Components**  
To grasp how components function over time, learners examine the lifecycle of components, understanding pivotal moments from mounting to unmounting, and how different lifecycle methods can affect the component's behavior.

**Creating Reusable Components**  
The chapter highlights how to create reusable components, prompting students to think modularly and promote code reusability, which is vital for maintaining larger applications.

**Introduction to Props**  
The concept of props is introduced, explaining how they serve as a mechanism for passing data and functions between components. Students learn to use props effectively to manage data flow within their applications.

**Advanced Prop Concepts**  
Further topics include default props and prop types, which help ensure that components are used correctly and provide default values when necessary. This leads into hands-on practice, where learners build simple components and manage data flow through props, reinforcing their understanding of component interactions.

**Event Handling and State Management**  
The chapter also covers event handling within components and state management, encouraging learners to create more interactive applications. Students practice integrating these concepts into their projects, developing an intuition for how components communicate with one another.

**Best Practices and Exercises**  
Best practices for component design are discussed to foster a clean and efficient coding style. Finally, learners engage in practical exercises that challenge them to create and utilize components, further deepening their comprehension of React's component-based architecture.

**Summary and Key Takeaways**  
By the end of Chapter 4, students will be well-equipped to explain the concept of components, distinguish between functional and class components, and effectively use props to enhance their applications. This chapter lays a solid foundation in understanding React's modular approach to user interface development, preparing students to create maintainable and scalable applications moving forward."
1072719,1906094,228652,4,Chapter 5: State Management in React,"**Learning Objective for Chapter 5: State Management in React**

By the end of this chapter, learners will be able to understand and implement state management in React applications. They will gain proficiency in using the `useState` and `useReducer` hooks to manage component state effectively. Additionally, students will be able to distinguish between local and global state, recognize the significance of lifting state up, and utilize context for state management when appropriate. Through hands-on exercises and real-world examples, learners will develop the skills necessary to create dynamic and responsive user interfaces that effectively manage data flow and user interactions.","### Review Summary for Chapter 5: State Management in React

In this chapter, learners delve into the essential topic of state management within React applications, gaining the knowledge and skills required to effectively manage both local and global state. The chapter begins with an **Introduction to State Management**, emphasizing the role state plays in creating dynamic and interactive user interfaces.

Participants will explore the concept of **Understanding State in React**, learning how state influences component behavior and rendering. A critical distinction is made between **Local vs Global State**, highlighting when to manage state within a single component versus context that spans multiple components.

The chapter introduces the **useState Hook**, along with practical exercises that provide hands-on experience in managing state locally. Students will then progress to the **useReducer Hook**, offering a powerful alternative for managing complex state logic. Through practical exercises, learners will reinforce their understanding of state management with both hooks.

The significance of **Lifting State Up** is discussed, illustrating how to share state between components effectively. This leads to an **Introduction to the Context API**, where learners discover how this powerful tool can enable global state management across the application. They will engage in practical exercises focused on **Using Context for State Management**, which solidifies their understanding of context and its applications.

Additionally, the chapter outlines **Best Practices for State Management in React**, ensuring learners appreciate efficient state management strategies that enhance application performance and maintainability. A **Real-World Example: Building a Dynamic User Interface** encapsulates all the concepts covered, providing a holistic view of state management in action.

In conclusion, this chapter equips learners with the ability to manage state proficiently in their React applications. By mastering the `useState` and `useReducer` hooks, recognizing when to lift state up, and understanding the Context API's role, participants will emerge with the confidence and skills necessary for creating responsive and dynamic user experiences. Moving forward, they will be well-prepared to tackle more advanced topics in React development."
1072719,1906094,116828,5,Chapter 6: The Component Lifecycle,"**Learning Objective for Chapter 6: The Component Lifecycle**

By the end of this chapter, students will be able to understand and articulate the significance of the React component lifecycle, identify the various lifecycle methods, and apply them effectively in their components to manage side effects, optimize performance, and handle component updates properly in their React applications.","### Review Summary for Chapter 6: The Component Lifecycle

In Chapter 6, we delve into the crucial concept of the React component lifecycle, a framework that governs the timeline of a component's existence and interactions with the application. By the end of this chapter, students will have a deeper understanding of the significance of this lifecycle and the various methods associated with it, essential for managing side effects, optimizing performance, and handling updates in React applications.

The chapter begins with an **Introduction to the Component Lifecycle**, laying the groundwork for understanding how components transition through different states. We then explore the **three main lifecycle phases**: Mounting (when a component is being created and inserted into the DOM), Updating (when state or props change), and Unmounting (when a component is removed from the DOM). 

In the section dedicated to **lifecycle methods**, we cover key functions such as `componentDidMount`, `componentDidUpdate`, and `componentWillUnmount`. These methods allow developers to execute specific code at critical points during a component's lifecycle, making it easier to manage side effects, such as data fetching or subscriptions, ensuring components respond effectively to user interactions.

The chapter emphasizes the **significance of lifecycle methods** in managing side effects, specifically how they can be harnessed to enhance application performance. We also discuss **handling component updates** efficiently, highlighting strategies to prevent unnecessary re-renders and optimize rendering workflows.

Furthermore, we introduce modern alternatives to lifecycle methods, such as the **useEffect hook**, which simplifies lifecycle management in functional components. Practical examples demonstrate how to implement these concepts in real applications, providing students with hands-on experience.

As we navigate through **common pitfalls and best practices** related to lifecycle method usage, the chapter concludes by reiterating the importance of mastering the component lifecycle, equipping students with the knowledge needed to create more efficient and effective React applications.

This chapter serves as a crucial stepping stone for students to articulate the lifecycle's significance and apply lifecycle methods judiciously, ultimately leading to better structured and optimized React components."
1072719,1906094,9784018,6,Chapter 7: Handling Events,"**Learning Objective for Chapter 7: Handling Events**

By the end of this chapter, learners will be able to understand and implement event handling in React applications by effectively utilizing event listeners, managing synthetic events, and responding to user interactions. Participants will gain practical experience in creating interactive components that update the user interface based on events such as clicks, form submissions, and keyboard inputs, fostering a deeper comprehension of how React facilitates dynamic behavior in web applications.","### Review Summary for Chapter 7: Handling Events

In Chapter 7, we delve into the critical concept of event handling within React applications, aimed at equipping learners with the skills to interact with users effectively. The chapter begins with an **Introduction to Event Handling in React**, setting the stage for understanding how React approaches events differently than standard JavaScript.

A key section, **Understanding Synthetic Events**, explains how React's synthetic event system normalizes events across different browsers, allowing for smoother and consistent handling. Building upon this foundation, learners explore how to **Add Event Listeners to Components**, which is crucial for responding to user actions.

The chapter covers specific event types in detail, including **Handling Click Events** and **Responding to Form Submissions**, which are common scenarios in web applications. Moreover, it addresses **Managing Keyboard Events**, giving learners the tools to enhance user experience through keyboard interactions.

Crucially, the chapter highlights **Event Propagation: Bubbling and Capturing**, elucidating how events flow and how developers can manipulate this flow to achieve the desired behavior. Further, learners are guided on **Preventing Default Behavior**, a vital technique when controlling the outcome of form submissions or links.

To create truly dynamic applications, the chapter integrates concepts of **Creating Interactive Components with State**, demonstrating how to tie UI updates to event handling. The section on **Best Practices for Event Handling in React** offers valuable insights into writing cleaner, more efficient code.

In addressing potential challenges, learners receive guidance on **Debugging Event Handlers**, ensuring they can identify and resolve issues that may arise during development. Finally, learners engage in a **Hands-On Project: Creating a Simple Interactive Application**, synthesizing the knowledge gained throughout the chapter to implement a functional, interactive component.

By the end of this chapter, participants will have a comprehensive understanding of how to handle events in React efficiently, empowering them to create user interfaces that respond dynamically to interactions, and laying a solid foundation for building more complex applications."
1072719,1906094,526280,7,Chapter 8: Conditional Rendering,"**Learning Objective for Chapter 8: Conditional Rendering**

By the end of this chapter, learners will be able to implement conditional rendering in React applications, using both built-in JavaScript conditional statements (such as if-else and ternary operators) and React-specific techniques (such as short-circuit evaluation) to dynamically display components and elements based on the application's state and user interactions. Participants will also understand how to manage different rendering scenarios, enhancing their ability to create more interactive and responsive user interfaces.","### Chapter 8: Conditional Rendering - Review Summary

In this chapter on Conditional Rendering, learners explore the importance and implementation of conditional rendering techniques in React applications. The chapter begins with an **introduction to conditional rendering**, establishing its necessity in creating dynamic and interactive user interfaces that respond to user interactions and application state.

Participants delve into traditional **if-else statements** and learn how to use them effectively for rendering components conditionally. The chapter also covers the use of **ternary operators**, which provide a concise way to express conditional expressions directly within JSX, enabling cleaner and more readable code.

The concept of **short-circuit evaluation** is introduced, highlighting how logical operators can streamline conditional rendering by allowing developers to show or hide components based on specific conditions succinctly. This is particularly useful for simple conditional checks.

As learners progress, the chapter discusses rendering different components based on state, emphasizing the critical role of state management in building responsive applications. Additionally, participants examine **conditional rendering with logical operators**, further expanding their toolkit for rendering elements dynamically based on various conditions.

The chapter also addresses common use cases such as creating **loading states**, allowing developers to enhance the user experience while waiting for data to be fetched or processed. Understanding how to handle user interaction for dynamic rendering is another key focus, encouraging learners to think about how user actions can trigger different rendering scenarios.

To instill best practices for conditional rendering, the chapter compiles essential guidelines, ensuring participants write efficient and maintainable code. Real-world examples of conditional rendering provide context and practical insights into how these techniques are used in actual projects.

As a capstone, learners engage in a **hands-on project** where they build a conditional user interface, applying the concepts and techniques acquired throughout the chapter. The chapter concludes with a **review and key takeaways**, reinforcing the core learnings and preparing participants to implement conditional rendering confidently in their own React applications.

By the end of this chapter, learners will have a comprehensive understanding of how to implement conditional rendering using various methods, equipping them with the skills to create more effective and interactive web applications."
1072719,1906094,485338,8,Chapter 9: Lists and Keys,"**Learning Objective for Chapter 9: Lists and Keys**

By the end of this chapter, learners will be able to efficiently render lists of data in React using the `map()` method, understand the importance of keys in list rendering, and implement proper key assignment to optimize performance and ensure stable component identity during re-renders. Furthermore, students will demonstrate their understanding by creating dynamic lists, allowing for interactive features like adding and removing items from a list while maintaining the integrity and performance of the application.","### Review Summary for Chapter 9: Lists and Keys

In Chapter 9, learners are introduced to the essential concepts of rendering lists in React, with a focus on utilizing the `map()` method for efficient data display. The chapter begins with a thorough introduction to lists, setting the stage for why rendering collections effectively is crucial in web applications. 

The chapter emphasizes the importance of keys in list rendering, elucidating their role in enhancing performance and maintaining stable component identity during re-renders. Understanding and implementing proper key assignment is a significant part of the learning process, as it ensures that components can efficiently update without unnecessary re-rendering.

Through practical examples, learners will engage with dynamic lists—gaining hands-on experience in adding and removing items—thus reinforcing their knowledge of state management in a functional way. The interactive elements of dynamic lists are addressed, offering insights on user experience and application integrity.

Best practices for list rendering are also discussed, highlighting common pitfalls and strategies to ensure efficient app performance. 

To consolidate their understanding, students complete a practice exercise by building a To-Do List application, where they will apply all the concepts learned in this chapter, demonstrating their ability to create dynamic, interactive interfaces while adhering to React performance standards.

By the end of Chapter 9, students will have a solid grasp of rendering lists in React and the the critical role of keys, ready to implement these skills in real-world applications."
1072719,1906094,9792278,9,Chapter 10: Forms in React,"**Learning Objective for Chapter 10: Forms in React**

By the end of this chapter, learners will be able to implement and manage forms in React applications. They will understand how to capture user input using controlled components, manage form state, handle validation, and implement event handling for form submissions. Students will also gain the skills to create dynamic and user-friendly forms that effectively integrate with React's state management, enabling them to enhance user interactions within their web applications.","### Review Summary for Chapter 10: Forms in React

In this chapter, learners embark on an exploration of implementing and managing forms within React applications, which is a crucial skill for creating interactive user experiences. The chapter begins with an **Introduction to Forms in React**, setting the foundational understanding of why forms are important in web applications.

Next, the chapter distinguishes between **Controlled vs Uncontrolled Components**, allowing students to grasp the nuances of how React handles user input. This leads to the practical section on **Creating Controlled Components**, where students learn to capture user input through React’s state management.

The concept of managing form state is further enhanced through the **useState Hook**, guiding learners on how to effectively handle and update the state as users interact with the form. Students then move on to learn the essential skill of **Handling Form Submissions**, ensuring they know how to submit data securely and efficiently.

Validation is an integral part of form management, which is addressed in the **Implementing Form Validation** section. Here, students acquire strategies to ensure that user input adheres to desired formats and rules, thereby improving data integrity.

As forms can often require a dynamic layout, the chapter introduces **Dynamic Forms: Adding and Removing Inputs**, enabling learners to build flexible forms that can adjust based on user needs. 

In the **Best Practices for Form Handling in React** section, students are provided with expert insights on creating efficient, maintainable, and user-friendly forms, preparing them for real-world applications. Furthermore, the chapter addresses **Integrating Forms with API Calls**, teaching students how to communicate with back-end services for more advanced user interactions and data handling.

Finally, the chapter culminates in a **Final Project: Building a Complete React Form**, which allows students to consolidate their knowledge and apply the concepts learned throughout the chapter in a practical project, reinforcing their skills in form management.

By the end of this chapter, learners will have a comprehensive understanding of how to create and manage forms in React, equipping them with the necessary skills to enhance user interactions in their web applications."
1072719,1906094,8944196,10,Chapter 11: Routing with React Router,"**Learning Objective for Chapter 11: Routing with React Router**

By the end of this chapter, learners will be able to implement client-side routing in a React application using React Router. They will gain the skills to define and navigate between multiple routes, manage nested routes, and utilize route parameters effectively. Additionally, students will understand how to incorporate navigation components to enhance user experience, thereby enabling them to create single-page applications that provide seamless transitions between views.","### Review Summary for Chapter 11: Routing with React Router

In Chapter 11, learners explore the essential concept of client-side routing in React applications through the use of React Router. The chapter begins with an **Introduction to Routing in React**, establishing the need for navigation in modern web applications. It then transitions into **Understanding React Router**, where the fundamental principles and capabilities of the library are introduced.

Participants learn **Setting Up React Router in Your Application**, guiding them through the installation and configuration processes necessary to implement routing features. With this foundation, the chapter covers **Defining Basic Routes**, allowing students to create straightforward navigation paths.

Next, the section on **Navigating Between Routes** equips learners with the knowledge to transition seamlessly between different views in the application. The importance of **Using Route Parameters** is emphasized, enabling students to efficiently pass data through URLs. The chapter also elaborates on **Creating Nested Routes**, which helps in organizing related components hierarchically.

To enhance user experience, the incorporation of **Navigation Components** is discussed, offering practical examples and best practices for making intuitive interfaces. Additional features explored include **Implementing Redirects** for path management, as well as **Handling Not Found Pages** gracefully to improve user navigation.

The chapter culminates with **Best Practices for Client-Side Routing**, providing students with a set of guidelines to follow when working with routes. Finally, learners are encouraged to apply their knowledge in a practical project, specifically **Building a Single-Page Application with React Router**, bringing together all the skills they have acquired.

The **Summary and Key Takeaways** reiterate the vital points of routing with React Router, ensuring that by the end of this chapter, learners are equipped with the necessary skills to implement and manage client-side routing, create dynamic navigations, and design cohesive single-page applications, ultimately meeting the learning objective of the chapter."
1072719,1906094,6077510,11,Chapter 12: Fetching Data with APIs,"**Learning Objective for Chapter 12: Fetching Data with APIs**

By the end of this chapter, learners will be able to effectively retrieve data from external APIs using React, understand the principles of asynchronous programming, and implement state management to display fetched data in their applications. Participants will gain hands-on experience with popular libraries such as Axios or Fetch API, allowing them to handle loading states, error handling, and data integration in their React applications.","**Chapter 12 Summary: Fetching Data with APIs**

In Chapter 12, learners are introduced to the essential concepts of fetching data from external APIs in React. The chapter begins with an overview of APIs and the critical role they play in data retrieval for web applications. Participants will understand the principles of asynchronous programming, which are foundational for managing data fetching efficiently.

The chapter provides an extensive overview of two popular libraries, the Fetch API and Axios, enabling learners to select the best tool for their projects. Step-by-step instructions guide participants through setting up Axios in a React project, making GET requests to an API, and effectively handling loading states and errors. 

A significant emphasis is placed on the `useEffect` hook for making asynchronous calls and integrating the fetched data with component state, ensuring that learners can dynamically display API responses within their applications. Best practices for using APIs in React are discussed, equipping participants with strategies to create robust applications that handle data gracefully.

To solidify their understanding, learners will engage in a hands-on project that requires them to fetch and display data, allowing them to apply the concepts learned throughout the chapter. The chapter concludes by outlining next steps for further exploration of APIs in the React ecosystem.

By the end of this chapter, participants will have developed the skills necessary to retrieve and display data from external APIs, manage application state in response to data changes, and confidently use asynchronous programming techniques to enhance their React applications."
1072719,1906094,8153626,12,Chapter 13: Managing Side Effects with Hooks,"**Learning Objective for Chapter 13: Managing Side Effects with Hooks**

By the end of this chapter, participants will be able to effectively use React's `useEffect` hook to manage side effects in their functional components. Learners will understand how to implement side effects for data fetching, subscriptions, and manual DOM manipulations, as well as how to control the hook's execution with dependency arrays. Additionally, participants will gain insights into cleanup operations to prevent memory leaks, enabling them to create more efficient and responsive React applications.","### Review Summary for Chapter 13: Managing Side Effects with Hooks

Chapter 13 focuses on the crucial concept of managing side effects in React applications using the `useEffect` hook. Effective side effect management is fundamental to creating responsive and performant applications, and this chapter provides a comprehensive guide to mastering this essential tool.

The chapter begins with an **Introduction to Side Effects in React**, outlining what side effects are and why they are important in the context of React's declarative nature. Following this, participants dive into the **Understanding the useEffect Hook**, where they learn how the hook can be leveraged to handle side effects in functional components.

A key highlight is the **Basic Usage of useEffect: Fetching Data** section, which teaches learners how to use `useEffect` to perform data fetching operations seamlessly. This foundational knowledge is built upon in the **Handling Subscriptions with useEffect** section, where the chapter explains how `useEffect` can manage subscriptions to external data sources, ensuring data stays synchronized with component state.

The chapter also covers **Manual DOM Manipulations with useEffect**, a helpful section for those needing to interact directly with the DOM. Additionally, the **Dependency Arrays: Controlling useEffect Execution** subsection provides critical insights into how to dictate when the effect runs, which is pivotal for optimizing performance and preventing unnecessary renders.

To address reliability and memory management, the chapter elaborates on **Cleanup Operations in useEffect**, teaching learners how to prevent memory leaks and ensure resources are properly released when components unmount or when effects are re-invoked.

As with any programming paradigm, it's essential to recognize potential challenges. The **Common Pitfalls and Best Practices** section sheds light on frequent mistakes developers make when using `useEffect` and provides practical advice to mitigate these issues.

Participants then engage in **Building a Practical Example Using useEffect**, where they apply the concepts learned by creating an actual example that encapsulates the use of `useEffect` in a real-world scenario. This hands-on approach solidifies their understanding and builds confidence in using the hook effectively.

The chapter concludes with a **Conclusion and Further Reading** section, encouraging learners to continue exploring the nuances of side effects and best practices in React development.

Overall, Chapter 13 equips learners with the necessary tools to utilize the `useEffect` hook proficiently, allowing them to manage side effects in a way that enhances the performance and responsiveness of their React applications. By mastering these concepts, participants will be well-prepared to tackle more complex React development challenges in their future projects."
1072719,1906094,1592142,13,Chapter 14: Optimizing Performance,"**Learning Objective for Chapter 14: Optimizing Performance**

By the end of this chapter, learners will be able to identify and implement various strategies for optimizing the performance of React applications, including techniques for reducing re-renders, effective use of React.memo and useMemo, code splitting with React.lazy, and profiling components with the React DevTools. Learners will demonstrate an understanding of when and how to apply these optimizations to improve application responsiveness and user experience.","**Chapter 14 Review Summary: Optimizing Performance**

In this chapter, learners are introduced to critical strategies for enhancing the performance of React applications. The chapter begins with an overview of the importance of performance optimization in React, setting the stage for more detailed discussions.

The first major topic, **Understanding Re-Renders in React**, clarifies how and why components re-render, which is essential for identifying performance bottlenecks. Following this, the **Techniques to Reduce Re-Renders** section provides actionable strategies that developers can employ to minimize unnecessary updates and enhance efficiency.

A key focus is on **Using React.memo for Component Memoization**, which equips learners with the ability to wrap functional components to prevent re-renders when props remain unchanged. The chapter also delves into **Implementing useMemo for Performance Improvement**, where participants learn to cache expensive computations, thus optimizing their applications further.

Transitioning to structural optimizations, the chapter introduces **Code Splitting in React**, explaining its significance in loading only the necessary components when needed. The use of **React.lazy for Dynamic Importing** is also covered, allowing for streamlined performance by loading components asynchronously.

To aid in understanding performance issues, learners will explore **Profiling React Components with React DevTools**. This section emphasizes the importance of monitoring and analyzing component behavior, making it easier to identify areas for improvement.

The chapter concludes with **Best Practices for Optimizing React Applications** and **Case Studies: Performance Optimization in Real Applications**, reinforcing practical knowledge through examples. Finally, it wraps up with a **Summary and Future Considerations for Performance Optimization**, encouraging learners to continue exploring and implementing performance strategies beyond the scope of this chapter.

By the end of Chapter 14, students will not only be able to identify performance issues but also demonstrate the implementation of specific optimizations, effectively improving application responsiveness and user experience. This foundation will empower learners to create React applications that are both efficient and user-friendly."
1072719,1906094,8339889,14,Chapter 15: Building and Deploying Your React App,"**Learning Objective for Chapter 15: Building and Deploying Your React App**

By the end of this chapter, learners will be able to effectively build and deploy a React application to a production environment. This includes understanding the process of optimizing the app for performance, creating a production build using tools such as Webpack or Create React App, and deploying the application to a hosting platform (like GitHub Pages, Vercel, or Netlify). Additionally, learners will gain insights into best practices for maintaining and updating their deployed applications, ensuring a seamless user experience.","**Review Summary for Chapter 15: Building and Deploying Your React App**

In Chapter 15, learners will immerse themselves in the essential processes of building and deploying React applications to production environments. The chapter begins with an introduction to the importance of building and deploying React applications effectively, setting the stage for the skills that will be developed throughout.

The chapter emphasizes optimizing React applications for performance, explaining various techniques to enhance load times and responsiveness, ensuring a seamless user experience. Building a production-ready app is streamlined through in-depth tutorials on creating production builds using Create React App, making it straightforward for beginners to transition to deployment.

Additionally, learners will explore the use of Webpack as a powerful tool for building React applications, providing greater customization and flexibility. The chapter features step-by-step guidance on deploying apps to popular hosting platforms such as GitHub Pages, Vercel, and Netlify. Each deployment method is explained in detail, including configuration settings and the typical deployment workflow.

The later sections of the chapter cover best practices for maintaining and updating deployed applications, emphasizing strategies to keep apps functional and relevant. Troubleshooting common deployment issues is also addressed to equip learners with the problem-solving skills needed in real-world development.

By the end of this chapter, participants will have the knowledge and confidence to successfully build, deploy, and maintain their React applications, ensuring a robust and efficient user experience in the production environment."
1072719,1906094,2804227,15,Chapter 16: Conclusion and Next Steps,"**Learning Objective for Chapter 16: Conclusion and Next Steps**

By the end of this chapter, learners will be able to: 

- Summarize the key concepts and skills acquired throughout the React course, identifying their significance in building interactive web applications.
- Outline practical next steps for further learning and development in React, including recommended resources, communities, and advanced topics to explore.
- Create a personalized action plan for applying their newfound knowledge in real-world projects, setting achievable goals for continued growth as a React developer.","### Chapter 16: Conclusion and Next Steps - Review Summary

In Chapter 16, we consolidate the knowledge gained throughout the React course, ensuring learners can confidently summarize the key concepts and skills pivotal to building interactive web applications. 

**1. Recap of React Fundamentals:** We begin with a thorough recap of the essential React fundamentals covered in previous chapters, reinforcing the significance of components, state, and props in creating dynamic web applications.

**2. Importance of Components in React:** The chapter highlights the crucial role of components as the building blocks of any React application, emphasizing their reusability and organization for efficient code management.

**3. Understanding State and Props:** Learners are reminded of the fundamental concepts of state and props, which are instrumental in enabling interactivity and data flow within React applications.

**4. The React Component Lifecycle:** A brief overview of the component lifecycle reinforces how React components manage their existence and updates, key for optimizing performance and user experience.

**5. Event Handling in React:** We revisit event handling mechanisms that facilitate user interaction, allowing developers to create responsive applications.

**6. Building Dynamic User Interfaces:** The significance of crafting dynamic user interfaces using the skills learned throughout the course is underscored, encouraging learners to apply their knowledge creatively.

**7. Overview of Hook Functions:** An introduction to hook functions provides learners insights into managing state and side effects in functional components, paving the way for modern React development.

**8. Performance Optimization Techniques:** The chapter touches upon performance optimization strategies vital for enhancing application efficiency and user experience.

**9. Testing in React Applications:** It is crucial to remember the importance of testing and quality assurance practices in maintaining robust applications.

As we shift towards future learning, **10. Recommended Resources for Further Learning** serves as a guide for learners to continue their journey in React development. We highlight various courses, tutorials, and books that can deepen their understanding.

**11. Engaging with the React Community** encourages learners to participate in forums and groups, emphasizing networking as a means to share knowledge and solve problems collaboratively.

**12. Advanced Topics in React** introduces concepts such as Context API, Redux, and TypeScript, presenting exciting avenues for further exploration and specialization in React development.

Finally, we encapsulate the chapter with **13. Setting Goals for Real-World Projects**, guiding learners to establish achievable objectives based on their newfound skills. 

**14. Creating a Personalized Action Plan** empowers participants to outline specific steps they will take to apply their knowledge in real-world contexts, ensuring continuous growth as React developers.

By the end of this chapter, learners will have a comprehensive understanding of their journey through the React course, as well as actionable insights and strategies to confidently advance in their web development careers."
