course_id,textbook_id,title,preface,table
1072719,1906094,"""React Essentials: A Comprehensive Beginner's Guide to Creating Interactive Web Applications""","Preface

Welcome to ""React Essentials: A Comprehensive Beginner's Guide to Creating Interactive Web Applications."" In today's digital landscape, mastering the art of web development is more crucial than ever. React, a powerful JavaScript library created by Facebook, has emerged as a dominant force in building dynamic and interactive user interfaces. This textbook is designed specifically for beginners, providing a solid foundation in React concepts and practices.

As you embark on this journey, you will find that acquiring web development skills opens doors to numerous opportunities, whether you aim for a professional career or seek to enhance your own projects. This guide aims to demystify React and present its features in a clear and accessible manner. Each chapter is thoughtfully crafted to introduce fundamental topics step by step, ensuring you build confidence while you learn.

The course begins with a gentle introduction to React, setting up your development environment, and understanding the core principles like JSX, components, and props. You'll explore essential topics such as state management, the component lifecycle, and event handling, each with practical examples to reinforce your understanding. As you progress through the chapters, you will also learn to tackle real-world challenges like routing and data fetching, further solidifying your skills.

Hands-on practice is a key element of this textbook. Each chapter offers practical exercises and projects that allow you to apply what you've learned, ensuring that concepts are not only understood but also implemented. By the end of the book, you will have developed the ability to build and deploy your own React applications, giving you the confidence to take your initial steps into the world of web development.

I invite you to fully engage with the material, experiment with the code examples, and challenge yourself with the exercises. Remember that learning is a journey, and each step you take will enhance your understanding. I hope that you find joy and excitement in your exploration of React, and I look forward to seeing the innovative applications you'll create.

Happy coding!

AI Education Assistant  
October 8, 2024","Chapter 1: Introduction to React,Chapter 2: Setting Up the Development Environment,Chapter 3: Understanding JSX,Chapter 4: Components and Props,Chapter 5: State Management in React,Chapter 6: The Component Lifecycle,Chapter 7: Handling Events,Chapter 8: Conditional Rendering,Chapter 9: Lists and Keys,Chapter 10: Forms in React,Chapter 11: Routing with React Router,Chapter 12: Fetching Data with APIs,Chapter 13: Managing Side Effects with Hooks,Chapter 14: Optimizing Performance,Chapter 15: Building and Deploying Your React App,Chapter 16: Conclusion and Next Steps"
